"slug","name","profile"
"unknown","佚名",""
"may","五月",""
"seven-king-plus","7k+",""
"es","ES",""
"the-celestial-force","TCF",""
"yao-yu","温",""
"esc","esc",""
"yu-mu-hua","榆木华",""
"winfrid","Winfrid",""
"fivero","Fivero",""
"max-xing","MaxXing",""
"nano","nano",""
"piggy","piggy",""
"river","River",""
"seven","SEVEN",""
"shawn-she","ShawnShe",""
"sonic","sonic",""
"wilsey","wilsey",""
"potto","Potto",""
"favorski","Favorski",""
"xanthene","Xanthene",""
"yannic-yao","yyao",""
"diao","调",""
"e-ban-du","饿半肚",""
"bryant","Br",""
"yellow-old-9","黄老九",""
"mahir-wu","美恒",""
"light-night","明夜",""
"kolchicin","秋水仙素",""
"mountain-south","山南",""
"birth-struggle","生煎",""
"little-si","小斯",""
"luo-ye-zi","叶",""
"xiao-ha","小哈",""
"hs-300","HS300",""
"cha-cha","爻",""
"hauru","Hauru",""
"snow","雪儿",""
"taiga","Taiga",""
"ventus","Ventus",""
"d-3-d-4","D3D4",""
"evangelina","Evangelina",""
"lan-zha-te","兰扎特",""
"da-hui-lang","大灰狼",""
"jing-zhe","荆哲",""
"lan-er","兰儿",""
"moon-down-bi-side","月下彼岸",""
"mao-fu-li-li-zi","毛弗栗栗子",""
"tun-shu-tun-shu","豚鼠豚鼠",""
"vladimir","Vladimir",""
"super-high-school-level-xi-xi-xi-xi-xi-xi-xi-xi-xi","超高校级的希希希希希希希希希",""
"10000-have-yin-li","万有引力",""
"cipher-two","Cipher Two",""
"x","x",""
"east-jun","东君",""
"wei-zhen-si-fang","威震四方",""
"8-gua-guo-jia","八卦郭嘉",""
"fu-tao","傅韬",""
"jojo-yks","JOJO_YKS",""
"bithiah","Bithiah",""
"lost-soul","LostSoul",""
"water-qin-xin","水沁心",""
"vinsta-g-173","VinstaG73",""
"da-mo-tou-ssss","探宝之旅大魔头",""
"happy","欣",""
"loli-north","萝北",""
"f-b-h","小昊",""
"mu-gui-ying-bao-zhe-suo-lin-nang","穆桂英抱着锁麟囊",""
"kong-kong","孔孔",""
"jiang-zhen","姜镇",""
"pegasus","Pegasus",""
"col","COL",""
"you-fan-bing-le","又饭饼了",""
"feng-ying-zi-yuan-degree","风影紫苑°",""
"xiao-piao","小莩",""
"tu-three-moon","兔三月",""
"lorraine","Lorraine",""
"bubble","泡",""
"ji-cai","Caiji",""
"juan-zi","卷子",""
"j-carlson","JCarlson",""
"you-ren-a","友人A",""
"luan-shi-xiao-xiong","乱世-小熊",""
